{
  "version": 1,
  "width": 204,
  "height": 20,
  "duration": 29.200373,
  "command": null,
  "title": null,
  "env": {
    "TERM": "xterm-256color",
    "SHELL": "/usr/local/bin/fish"
  },
  "stdout": [
    [
      0.050096,
      "\u001b]0;~/Documents/oss/svg-term  fish\u0007\u001b[30m\u001b(B\u001b[m"
    ],
    [
      0.012838,
      "\u001b[?2004h"
    ],
    [
      0.082209,
      "\u001b]0;~/Documents/oss/svg-term — fish\u0007\u001b[30m\u001b(B\u001b[m"
    ],
    [
      0.000181,
      "\u001b[38;5;237m⏎\u001b(B\u001b[m                                                                                                                                                                                                           \r⏎ \r\u001b[2K"
    ],
    [
      0.000356,
      "\u001b[34m~/Documents/oss/svg-term\u001b[30m\u001b(B\u001b[m \u001b[38;2;147;161;161mmaster*\u001b[30m\u001b(B\u001b[m\u001b[36m\u001b[30m\u001b(B\u001b[m \u001b[33m\u001b[30m\u001b(B\u001b[m\r\n\u001b[32m❯\u001b[30m\u001b(B\u001b[m \u001b[K"
    ],
    [
      0.767311,
      "1\b\u001b[91m1\u001b[30m\u001b(B\u001b[m"
    ],
    [
      0.599951,
      "\u001b[91m2\u001b[30m\u001b(B\u001b[m"
    ],
    [
      1.017319,
      "\u001b[91m3\u001b[30m\u001b(B\u001b[m"
    ],
    [
      0.628466,
      "\u001b[91m4\u001b[30m\u001b(B\u001b[m"
    ],
    [
      0.806377,
      "\u001b[91m5\u001b[30m\u001b(B\u001b[m"
    ],
    [
      0.582158,
      "\u001b[91m6\u001b[30m\u001b(B\u001b[m"
    ],
    [
      0.716887,
      "\u001b[91m7\u001b[30m\u001b(B\u001b[m"
    ],
    [
      0.564088,
      "\u001b[91m8\u001b[30m\u001b(B\u001b[m"
    ],
    [
      0.577528,
      "\u001b[91m9\u001b[30m\u001b(B\u001b[m"
    ],
    [
      2.113283,
      "\u001b[91m0\u001b[30m\u001b(B\u001b[m"
    ],
    [
      1.148434,
      "\b"
    ],
    [
      0.499386,
      "\b"
    ],
    [
      0.087949,
      "\b"
    ],
    [
      0.088877,
      "\b"
    ],
    [
      0.080434,
      "\b"
    ],
    [
      0.086176,
      "\b"
    ],
    [
      0.083613,
      "\b"
    ],
    [
      0.081996,
      "\b"
    ],
    [
      0.083928,
      "\b"
    ],
    [
      0.084367,
      "\b"
    ],
    [
      0.808032,
      "\u001b[91m§1234567890\u001b[10D\u001b[30m\u001b(B\u001b[m"
    ],
    [
      0.717757,
      "\b\u001b[91m1234567890\u001b[30m\u001b(B\u001b[m\u001b[K\u001b[10D"
    ],
    [
      0.494478,
      "\u001b[91m\"1234567890\u001b[10D\u001b[30m\u001b(B\u001b[m"
    ],
    [
      0.638738,
      "\u001b[10C"
    ],
    [
      0.577422,
      "\u001b[91m\"\u001b[30m\u001b(B\u001b[m"
    ],
    [
      0.664033,
      "\u001b[12D"
    ],
    [
      0.383698,
      "\u001b[91me\"1234567890\"\u001b[12D\u001b[30m\u001b(B\u001b[m"
    ],
    [
      0.136187,
      "\u001b[91mc\"1234567890\"\u001b[12D\u001b[30m\u001b(B\u001b[m"
    ],
    [
      0.149215,
      "\u001b[91mh\"1234567890\"\u001b[12D\u001b[30m\u001b(B\u001b[m"
    ],
    [
      0.067683,
      "\u001b[91mo\"1234567890\"\u001b[12D\u001b[30m\u001b(B\u001b[m"
    ],
    [
      0.615363,
      "\u001b[91m \"1234567890\"\u001b[12D\u001b[30m\u001b(B\u001b[m"
    ],
    [
      0.00021,
      "\b\b\b\b\b\u001b[1mecho\u001b(B\u001b[m \u001b[33m\"1234567890\"\u001b[12D\u001b[30m\u001b(B\u001b[m"
    ],
    [
      1.409416,
      "\u001b[12C\r\n"
    ],
    [
      6.7e-05,
      "\u001b[30m\u001b(B\u001b[m"
    ],
    [
      0.000356,
      "\u001b[?2004l"
    ],
    [
      0.009534,
      "\u001b]0;svg-term: echo \"1234567890\" — echo\u0007\u001b[30m\u001b(B\u001b[m\r"
    ],
    [
      2.7e-05,
      "1234567890\r\n"
    ],
    [
      6e-05,
      "\u001b[?2004h"
    ],
    [
      0.080355,
      "\u001b]0;~/Documents/oss/svg-term — fish\u0007\u001b[30m\u001b("
    ],
    [
      2.7e-05,
      "B\u001b[m"
    ],
    [
      0.000107,
      "\u001b[38;5;237m⏎\u001b(B\u001b[m                                                                                                                                                                                                           \r⏎ \r\u001b[2K"
    ],
    [
      2.6e-05,
      "\r\n\u001b[34m~/Documents/oss/svg-term\u001b[30m\u001b(B\u001b[m \u001b[38;2;147;161;161mmaster*\u001b[30m\u001b(B\u001b[m\u001b[36m\u001b[30m\u001b(B\u001b[m \u001b[33m\u001b[30m\u001b(B\u001b[m\r\n\u001b[32m❯\u001b[30m\u001b(B\u001b[m \u001b[K"
    ],
    [
      2.298015,
      "echo \"1234567890\""
    ],
    [
      2.9e-05,
      "\u001b[17D\u001b[1mecho\u001b(B\u001b[m \u001b[33m\"1234567890\"\u001b[30m\u001b(B\u001b[m"
    ],
    [
      0.518502,
      "\b"
    ],
    [
      0.502613,
      "\b"
    ],
    [
      0.083558,
      "\b"
    ],
    [
      0.08266,
      "\b"
    ],
    [
      0.084081,
      "\b"
    ],
    [
      0.083213,
      "\b"
    ],
    [
      0.08359,
      "\b"
    ],
    [
      0.082982,
      "\b"
    ],
    [
      0.083391,
      "\b"
    ],
    [
      0.085726,
      "\b"
    ],
    [
      0.08989,
      "\b"
    ],
    [
      0.45313,
      "\u001b[C"
    ],
    [
      0.499953,
      "\u001b[C"
    ],
    [
      0.083668,
      "\u001b[C"
    ],
    [
      0.083872,
      "\u001b[C"
    ],
    [
      0.086544,
      "\u001b[C"
    ],
    [
      0.082755,
      "\u001b[C"
    ],
    [
      0.084579,
      "\u001b[C"
    ],
    [
      0.083223,
      "\u001b[C"
    ],
    [
      0.083347,
      "\u001b[C"
    ],
    [
      0.68142,
      "\u001b[C"
    ],
    [
      0.415017,
      "\u001b[C"
    ],
    [
      2.638254,
      "\u001b[7m^C\u001b[30m\u001b(B\u001b[m"
    ],
    [
      0.01202,
      "\u001b[K"
    ],
    [
      0.006984,
      "\r\n"
    ],
    [
      0.000249,
      "\r\r"
    ],
    [
      3.1e-05,
      "\r\n\u001b[34m~/Documents/oss/svg-term\u001b[30m\u001b(B\u001b[m \u001b[38;2;147;161;161mmaster*\u001b[30m\u001b(B\u001b[m\u001b[36m\u001b[30m\u001b(B\u001b[m \u001b[33m\u001b[30m\u001b(B\u001b[m\r\n\u001b[32m❯\u001b[30m\u001b(B\u001b[m \u001b[K"
    ],
    [
      0.078547,
      "\u001b]0;~/Documents/oss/svg-term — fish\u0007\u001b[30m\u001b(B\u001b[m\r\u001b[A\u001b[A\r\n\u001b[34m~/Documents/oss/svg-term\u001b[30m\u001b(B\u001b[m \u001b[38;2;147;161;161mmaster*\u001b[30m\u001b(B\u001b[m\u001b[36m\u001b[30m\u001b(B\u001b[m \u001b[33m\u001b[30m\u001b(B\u001b[m\r\n\u001b[32m❯\u001b[30m\u001b(B\u001b[m \u001b[K"
    ],
    [
      2.149382,
      "\r\n\u001b[30m\u001b(B\u001b[m\u001b[3"
    ],
    [
      5.6e-05,
      "0m\u001b(B\u001b[m"
    ],
    [
      7.4e-05,
      "\u001b[?2004l"
    ]
  ]
}