{
  "version": 1,
  "width": 204,
  "height": 20,
  "duration": 3.822205,
  "command": null,
  "title": null,
  "env": {
    "TERM": "xterm-256color",
    "SHELL": "/usr/local/bin/fish"
  },
  "stdout": [
    [
      0.068037,
      "\u001b]0;~/Documents/oss/svg-term  fish\u0007\u001b[30m\u001b(B\u001b[m"
    ],
    [
      0.028612,
      "\u001b[?2004h"
    ],
    [
      0.129147,
      "\u001b]0;~/Documents/oss/svg-term — fish\u0007\u001b[30m\u001b(B\u001b[m"
    ],
    [
      0.000619,
      "\u001b[38;5;237m⏎\u001b(B\u001b[m                                                                                                                                                                                                           \r⏎ \r\u001b[2K"
    ],
    [
      0.00201,
      "\u001b[34m~/Documents/oss/svg-term\u001b[30m\u001b(B\u001b[m \u001b[38;2;147;161;161mmaster*\u001b[30m\u001b(B\u001b[m\u001b[36m\u001b[30m\u001b(B\u001b[m \u001b[33m\u001b[30m\u001b(B\u001b[m\r\n\u001b[32m❯\u001b[30m\u001b(B\u001b[m \u001b[K"
    ],
    [
      0.3452,
      "sha1sum /etc/f* | tail -n 10 | lolcat -F 0.3"
    ],
    [
      0.103924,
      "\u001b]0;~/Documents/oss/svg-term — fish\u0007\u001b"
    ],
    [
      6.1e-05,
      "[30m\u001b(B\u001b[m\r"
    ],
    [
      0.001208,
      "\u001b[A\r\n\u001b[34m~/Documents/oss/svg-term\u001b[30m\u001b(B\u001b[m \u001b[38;2;147;161;161mmaster*\u001b[30m\u001b(B\u001b[m\u001b[36m\u001b[30m\u001b(B\u001b[m \u001b[33m\u001b[30m\u001b(B\u001b[m\r\n\u001b[32m❯\u001b[30m\u001b(B\u001b[m sha1sum /etc/f* | tail -n 10 | lolcat -F 0.3\u001b[K"
    ],
    [
      0.001117,
      "\u001b[44D\u001b[1msha1sum\u001b(B\u001b[m \u001b[36m/etc/f\u001b[93m*\u001b[30m\u001b(B\u001b[m \u001b[95m|\u001b[30m\u001b(B\u001b[m \u001b[1mtail\u001b(B\u001b[m \u001b[36m-n\u001b[30m\u001b(B\u001b[m \u001b[36m10\u001b[30m\u001b(B\u001b[m \u001b[95m|\u001b[30m\u001b(B\u001b[m \u001b[1mlolcat\u001b(B\u001b[m \u001b[36m-F\u001b[30m\u001b(B\u001b[m \u001b[36m0.3\u001b[30m\u001b(B\u001b[m"
    ],
    [
      0.779286,
      "\r\n\u001b[30m\u001b(B\u001b[m"
    ],
    [
      0.000157,
      "\u001b[?2004l"
    ],
    [
      0.010619,
      "\u001b]0;svg-term: sha1sum /etc/f* | tail -n 10 | lolcat -F 0.3 — sha1sum\u0007\u001b[3"
    ],
    [
      6.2e-05,
      "0m\u001b(B\u001b[m\r"
    ],
    [
      0.114539,
      "\u001b[38;5;93md\u001b[0m"
    ],
    [
      5.8e-05,
      "\u001b[38;5;93ma\u001b[0m\u001b[38;5;63m3\u001b[0m"
    ],
    [
      0.000181,
      "\u001b[38;5;63m9\u001b[0m"
    ],
    [
      0.000179,
      "\u001b[38;5;63ma\u001b[0m"
    ],
    [
      5.6e-05,
      "\u001b[38;5;63m3\u001b[0m"
    ],
    [
      3.6e-05,
      "\u001b[38;5;33me\u001b[0m"
    ],
    [
      9.2e-05,
      "\u001b[38;5;33me\u001b[0m"
    ],
    [
      5.3e-05,
      "\u001b[38;5;33m5\u001b[0m"
    ],
    [
      0.00018,
      "\u001b[38;5;39me\u001b[0m\u001b[38;5;39m6\u001b[0m"
    ],
    [
      4.4e-05,
      "\u001b[38;5;39mb\u001b[0m"
    ],
    [
      0.000119,
      "\u001b[38;5;38m4\u001b[0m"
    ],
    [
      0.000142,
      "\u001b[38;5;44mb\u001b[0m"
    ],
    [
      4.5e-05,
      "\u001b[38;5;44m0\u001b[0m"
    ],
    [
      0.000133,
      "\u001b[38;5;44md\u001b[0m"
    ],
    [
      4.6e-05,
      "\u001b[38;5;43m3\u001b[0m"
    ],
    [
      3.4e-05,
      "\u001b[38;5;49m2\u001b[0m"
    ],
    [
      0.0001,
      "\u001b[38;5;49m5\u001b[0m"
    ],
    [
      4.3e-05,
      "\u001b[38;5;49m5\u001b[0m"
    ],
    [
      0.000115,
      "\u001b[38;5;48mb\u001b[0m"
    ],
    [
      0.000208,
      "\u001b[38;5;48mf\u001b[0m"
    ],
    [
      4.6e-05,
      "\u001b[38;5;48me\u001b[0m"
    ],
    [
      3.4e-05,
      "\u001b[38;5;83mf\u001b[0m"
    ],
    [
      0.000227,
      "\u001b[38;5;83m9\u001b[0m\u001b[38;5;83m5\u001b[0m\u001b[38;5;83m6\u001b[0m"
    ],
    [
      4.9e-05,
      "\u001b[38;5;118m0\u001b[0m"
    ],
    [
      0.000228,
      "\u001b[38;5;118m1\u001b[0m\u001b[38;5;118m8\u001b[0m\u001b[38;5;154m9\u001b[0m"
    ],
    [
      3.9e-05,
      "\u001b[38;5;154m0\u001b[0m"
    ],
    [
      4.4e-05,
      "\u001b[38;5;154ma\u001b[0m"
    ],
    [
      3.2e-05,
      "\u001b[38;5;148mf\u001b[0m"
    ],
    [
      0.000152,
      "\u001b[38;5;184md\u001b[0m\u001b[38;5;184m8\u001b[0m\u001b[38;5;184m0\u001b[0m"
    ],
    [
      7.9e-05,
      "\u001b[38;5;178m7\u001b[0m"
    ],
    [
      3.5e-05,
      "\u001b[38;5;214m0\u001b[0m"
    ],
    [
      7e-05,
      "\u001b[38;5;214m9\u001b[0m"
    ],
    [
      6.4e-05,
      "\u001b[38;5;214m \u001b[0m"
    ],
    [
      7.3e-05,
      "\u001b[38;5;208m \u001b[0m"
    ],
    [
      4.2e-05,
      "\u001b[38;5;208m/\u001b[0m"
    ],
    [
      3.1e-05,
      "\u001b[38;5;208me\u001b[0m"
    ],
    [
      8.7e-05,
      "\u001b[38;5;203mt\u001b[0m"
    ],
    [
      3.2e-05,
      "\u001b[38;5;203mc\u001b[0m"
    ],
    [
      7.7e-05,
      "\u001b[38;5;203m/\u001b[0m"
    ],
    [
      5.3e-05,
      "\u001b[38;5;203mf\u001b[0m"
    ],
    [
      6.3e-05,
      "\u001b[38;5;198mi\u001b[0m"
    ],
    [
      0.000233,
      "\u001b[38;5;198mn\u001b[0m\u001b[38;5;198md\u001b[0m"
    ],
    [
      3.9e-05,
      "\u001b[38;5;199m.\u001b[0m"
    ],
    [
      0.000186,
      "\u001b[38;5;199mc\u001b[0m\u001b[38;5;199mo\u001b[0m\u001b[38;5;163md\u001b[0m"
    ],
    [
      0.000108,
      "\u001b[38;5;164me\u001b[0m"
    ],
    [
      4.4e-05,
      "\u001b[38;5;164ms\u001b[0m\r\n"
    ],
    [
      0.00021,
      "\u001b[38;5;63m8\u001b[0m"
    ],
    [
      4.3e-05,
      "\u001b[38;5;63m8\u001b[0m"
    ],
    [
      7.1e-05,
      "\u001b[38;5;63md\u001b[0m"
    ],
    [
      5.5e-05,
      "\u001b[38;5;33md\u001b[0m"
    ],
    [
      8.1e-05,
      "\u001b[38;5;33m3\u001b[0m"
    ],
    [
      7.6e-05,
      "\u001b[38;5;33me\u001b[0m"
    ],
    [
      5.7e-05,
      "\u001b[38;5;39ma\u001b[0m"
    ],
    [
      7.3e-05,
      "\u001b[38;5;39m7\u001b[0m"
    ],
    [
      7.5e-05,
      "\u001b[38;5;39mf\u001b[0m"
    ],
    [
      6.5e-05,
      "\u001b[38;5;38mf\u001b[0m"
    ],
    [
      7.1e-05,
      "\u001b[38;5;44mc\u001b[0m"
    ],
    [
      8e-05,
      "\u001b[38;5;44mb\u001b[0m"
    ],
    [
      7.6e-05,
      "\u001b[38;5;44mb\u001b[0m"
    ],
    [
      3.5e-05,
      "\u001b[38;5;43m9\u001b[0m"
    ],
    [
      9.5e-05,
      "\u001b[38;5;49m1\u001b[0m"
    ],
    [
      3.7e-05,
      "\u001b[38;5;49m0\u001b[0m"
    ],
    [
      7.5e-05,
      "\u001b[38;5;49mf\u001b[0m"
    ],
    [
      3.4e-05,
      "\u001b[38;5;48mb\u001b[0m"
    ],
    [
      6.1e-05,
      "\u001b[38;5;48md\u001b[0m"
    ],
    [
      0.000293,
      "\u001b[38;5;48m1\u001b[0m\u001b[38;5;83md\u001b[0m"
    ],
    [
      0.002028,
      "\u001b[38;5;83m9\u001b[0m\u001b[38;5;83m2\u001b[0m\u001b[38;5;83m1\u001b[0m\u001b[38;5;118m8\u001b[0m\u001b[38;5;118m1\u001b[0m\u001b[38;5;118m1\u001b[0m\u001b[38;5;154m8\u001b[0m\u001b[38;5;154m1\u001b[0m\u001b[38;5;154m7\u001b[0m"
    ],
    [
      5.6e-05,
      "\u001b[38;5;148md\u001b[0m"
    ],
    [
      0.000629,
      "\u001b[38;5;184m9\u001b[0m\u001b[38;5;184m3\u001b[0m\u001b[38;5;184m5\u001b[0m\u001b[38;5;178m3\u001b[0m\u001b[38;5;214m1\u001b[0m\u001b[38;5;214m0\u001b[0m\u001b[38;5;214mb\u001b[0m\u001b[38;5;208m3\u001b[0m\u001b[38;5;208m4\u001b[0m"
    ],
    [
      9.2e-05,
      "\u001b[38;5;208m \u001b[0m"
    ],
    [
      4.5e-05,
      "\u001b[38;5;203m \u001b[0m"
    ],
    [
      0.0001,
      "\u001b[38;5;203m/\u001b[0m"
    ],
    [
      3.6e-05,
      "\u001b[38;5;203me\u001b[0m"
    ],
    [
      0.00018,
      "\u001b[38;5;203mt\u001b[0m"
    ],
    [
      8.7e-05,
      "\u001b[38;5;198mc\u001b[0m"
    ],
    [
      0.000106,
      "\u001b[38;5;198m/\u001b[0m"
    ],
    [
      5.2e-05,
      "\u001b[38;5;198mf\u001b[0m"
    ],
    [
      0.000102,
      "\u001b[38;5;199ms\u001b[0m"
    ],
    [
      3.5e-05,
      "\u001b[38;5;199mt\u001b[0m"
