{
  "version": 1,
  "width": 204,
  "height": 20,
  "duration": 20.751214,
  "command": null,
  "title": null,
  "env": {
    "TERM": "xterm-256color",
    "SHELL": "/usr/local/bin/fish"
  },
  "stdout": [
    [
      0.047719,
      "\u001b]0;~/Documents/oss/svg-term  fish\u0007\u001b[30m\u001b(B\u001b[m"
    ],
    [
      0.015107,
      "\u001b[?2004h"
    ],
    [
      0.058503,
      "\u001b]0;~/Documents/oss/svg-term — fish\u0007\u001b[30m\u001b(B\u001b"
    ],
    [
      2.9e-05,
      "[m"
    ],
    [
      0.000271,
      "\u001b[38;5;237m⏎\u001b(B\u001b[m                                                                                                                                                                                                           \r⏎ \r\u001b[2K"
    ],
    [
      0.000882,
      "\u001b[34m~/Documents/oss/svg-term\u001b[30m\u001b(B\u001b[m \u001b[38;2;147;161;161mmaster*\u001b[30m\u001b(B\u001b[m\u001b[36m\u001b[30m\u001b(B\u001b[m \u001b[33m\u001b[30m\u001b(B\u001b[m\r\n\u001b[32m❯\u001b[30m\u001b(B\u001b[m \u001b[K"
    ],
    [
      0.884578,
      "v"
    ],
    [
      2.2e-05,
      "\b\u001b[91mv\u001b[30m\u001b(B\u001b[m"
    ],
    [
      0.000422,
      "\u001b[38;2;85;85;85mim\b\b\u001b[30m\u001b(B\u001b[m"
    ],
    [
      0.137618,
      "\u001b[91mi\u001b[38;2;85;85;85mm\b\u001b[30m\u001b(B\u001b[m"
    ],
    [
      8.8e-05,
      "\b\b\u001b[1mvi\u001b(B\u001b[m\u001b[38;2;85;85;85mm\b\u001b[30m\u001b(B\u001b[m"
    ],
    [
      0.036012,
      "\u001b[1mm\u001b(B\u001b[m"
    ],
    [
      0.305571,
      "\r\n\u001b[30m\u001b(B\u001b[m\u001b[?2004l"
    ],
    [
      0.006107,
      "\u001b]0;svg-term: vim — vim\u0007\u001b[3"
    ],
    [
      2.8e-05,
      "0m\u001b(B\u001b[m\r"
    ],
    [
      0.086542,
      "\u001b[?1000h\u001b[?2004h\u001b[?1049h\u001b[?1h\u001b=\u001b[?2004h"
    ],
    [
      0.000138,
      "\u001b[1;20r\u001b[?12h\u001b[?12l\u001b[27m\u001b[29m\u001b[m\u001b[H\u001b[2J\u001b[2;1H▽\u001b[6n\u001b[2;1H  \u001b[1;1H"
    ],
    [
      2.1e-05,
      "\u001b[>c\u001b]11;?\u0007"
    ],
    [
      0.00037,
      "\u001b[?25l\u001b[2;1H\u001b[94m~                                                                                                                                                                                                           \u001b[3;1H~                                                                                                                                                                                                           \u001b[4;1H~                                                                                                                                                                                                           \u001b[5;1H~                                                                                                                                                                                                           \u001b[6;1H~                                                                                                                                                                      "
    ],
    [
      2.4e-05,
      "                                     \u001b[7;1H~                                                                                                                                                                                                           \u001b[8;1H~                                                                                                                                                                                                           \u001b[9;1H~                                                                                                                                                                                                           \u001b[10;1H~                                                                                                                                                                                                           \u001b[11;1H~                                                                                                                                         "
    ],
    [
      9.6e-05,
      "                                                                  \u001b[12;1H~                                                                                                                                                                                                           \u001b[13;1H~                                                                                                                                                                                                           \u001b[14;1H~                                                                                                                                                                                                           \u001b[15;1H~                                                                                                                                                                                                           \u001b[16;1H~                                                                                                          "
    ],
    [
      2.6e-05,
      "                                                                                                 \u001b[17;1H~                                                                                                                                                                                                           \u001b[18;1H~                                                                                                                                                                                                           \u001b[19;1H~                                                                                                                                                                                                           \u001b[m\u001b[20;187H0,0-1\u001b[9CAll\u001b[5;94HVIM - Vi IMproved\u001b[7;95Hversion 8.0.1100\u001b[8;91Hby Bram Moolenaar et al.\u001b[9;81HVim is open source and freely distributable\u001b[11;91HSponsor Vim development!\u001b[12;80Htype  :help sponsor\u001b[38;5;81m<Enter>\u001b[m    for information \u001b[14;80Htype  :q\u001b[38;5;81m<Enter>"
    ],
    [
      4.5e-05,
      "\u001b[m               to exit         \u001b[15;80Htype  :help\u001b[38;5;81m<Enter>\u001b[m  or  \u001b[38;5;81m<F1>\u001b[m  for on-line help\u001b[16;80Htype  :help version8\u001b[38;5;81m<Enter>\u001b[m   for version info\u001b[1;1H\u001b[?25h"
    ],
    [
      1.7e-05,
      "\u001b[?1000l\u001b[?1002h\u001bP$q q\u001b\\\u001b[?12$p"
    ],
    [
      1.994594,
      "\u001b[?25l\u001b[20;177Hi\u001b[1;1H"
    ],
    [
      2.2e-05,
      "\u001b[20;177H \u001b[1;1H"
    ],
    [
      2.5e-05,
      "\u001b[20;1H\u001b[1m-- INSERT --\u001b[m\u001b[20;187H\u001b[K\u001b[20;187H0,1\u001b[11CAll"
    ],
    [
      1.3e-05,
      "\u001b[1;1H\u001b[?25h"
    ],
    [
      0.807142,
      "\u001b[?25l\u001b[2;1H\u001b[K\u001b[5;94H\u001b[94m                 \u001b[7;95H                \u001b[8;91H                        \u001b[9;81H                                           \u001b[11;91H                        \u001b[12;80H                                              \u001b[14;80H                                              \u001b[15;80H                                              \u001b[16;80H                                              \u001b[m\u001b[20;187H2\u001b[2;1H\u001b[?25h"
    ],
    [
      0.503996,
      "\u001b[?25l\u001b[3;1H\u001b[K\u001b[20;187H3\u001b[3;1H\u001b[?25h"
    ],
    [
      0.083831,
      "\u001b[?25l\u001b[4;1H\u001b[K\u001b[20;187H4\u001b[4;1H\u001b[?25h"
    ],
    [
      0.083741,
